{
  "AWSTemplateFormatVersion" : "2010-09-09",

  "Description" : "Generate internal and external gateway IP addresses",

  "Resources" : {
  "EIP0" :  {
    "Type" : "AWS::EC2::EIP",
    "Properties" : {
      "Domain" : "vpc"
    }
  },
"EIP1" :  {
  "Type" : "AWS::EC2::EIP",
  "Properties" : {
    "Domain" : "vpc"
  }
}

},

"Outputs" : {
    "InternalAddress" : {
      "Value" : { "Fn::Join" : [" ", [ "PCS Internal IP address:", { "Ref" : "EIP0" }, "Allocation Id:", { "Fn::GetAtt" : ["EIP0", "AllocationId"] } ] ]},
      "Description" : "PCS Internal Interface details"
    },
    "ExternalAddress" : {
      "Value" : { "Fn::Join" : [" ", [ "PCS External IP address:", { "Ref" : "EIP1" }, "Allocation Id:", { "Fn::GetAtt" : ["EIP1", "AllocationId"] } ] ]},
        "Description" : "PCS External Interface details"
      }
  }
}
