{
  "AWSTemplateFormatVersion" : "2010-09-09",

  "Description" : "Deploy ZTA Gateway into a existing VPC",

  "Metadata" : {
    "AWS::CloudFormation::Interface" : {
      "ParameterGroups" : [
        {
          "Label" : { "default" : "Existing VPC details" },
          "Parameters" : [ "VpcId", "SubnetIntId", "SubnetExtId", "SubnetMgmtId" ]
        },
        {
          "Label" : { "default":"ZTA Gateway Configuration" },
          "Parameters" : [ "ZTAImageAMIId", "InstanceType", "ZTAConfigData", "KeyName" ]
        }
      ],
      "ParameterLabels" : {
        "VpcId" : { "default" : "Existing VPC ID" },
        "SubnetIntId" : {"default" : "Internal Subnet ID"},
        "SubnetExtId" : {"default" : "External Subnet ID"},
        "SubnetMgmtId" : {"default" : "Management Subnet ID"},
        "ZTAImageAMIId" : {"default" : "ZTA Gateway AMI ID"},
        "ExternalIPAllocationId" : {"default" : "ZTA External IP address allocation id"},
        "InstanceType" : {"default" : "Instance Type"},
        "KeyName" : {"default" : "SSH Key Name"},
        "ZTAConfigData" : {"default" : "ZTA Gateway Config Data"}
      }
    }
  },

  "Parameters" : {

    "KeyName": {
        "Type": "AWS::EC2::KeyPair::KeyName",
        "Default": "",
        "AllowedPattern" : "[-_ a-zA-Z0-9]*",
        "Description": "Name of an existing EC2 KeyPair. Your ZTA Gateway will launch with this KeyPair.",
        "ConstraintDescription": "Must be the name of an existing EC2 KeyPair."
      },
      
      "ExternalIPAllocationId" : {
       "Type": "String",
       "Description": "Name of an existing Elastic ip address allocation id. Your PCS will launch with this IP address in external interface"
     },

      "ZTAImageAMIId" : {
        "Type" : "String",
        "Description" : "AMI ID of your existing ZTA Gateway image"
      },

      "InstanceType": {
        "Description": "Select ZTA Gateway instance type",
        "Type": "String",
        "Default": "t2.medium",
        "AllowedValues": [
           "m4.xlarge",
           "m4.2xlarge",
           "m4.4xlarge",
		   "t2.medium"
        ],
        "ConstraintDescription": "Must be an allowed EC2 instance type."
      },

      "ZTAConfigData" : {
        "Type" : "String",
        "Description" : "ZTA Gateway config data",
        "Default" : ""
      },

    "VpcId" : {
      "Type" : "String",
      "Description" : "ID of existing VPC"
    },

    "SubnetIntId" : {
      "Type" : "String",
      "Description" : "ID of the subnet where ZTA Gateway internal interface connects"
    },

    "SubnetExtId" : {
      "Type" : "String",
      "Description" : "ID of the subnet where ZTA Gateway External interface connects"
    },

    "SubnetMgmtId" : {
      "Type" : "String",
      "Description" : "ID of the subnet where ZTA Gateway Management interface connects"
    }
  },

  "Resources" : {
  
  "EIPAssoc1" : {
      "Type" : "AWS::EC2::EIPAssociation",
      "Properties" : {
        "NetworkInterfaceId" : { "Ref" : "Eth1" },
        "AllocationId" : {  "Ref": "ExternalIPAllocationId" },
        "PrivateIpAddress" : { "Fn::GetAtt" : ["Eth1", "PrimaryPrivateIpAddress" ] }
      }
    }, 

    "ZTAvExternalSecurityGroup": {
      "Type": "AWS::EC2::SecurityGroup",
      "Properties": {
        "GroupDescription": "Access Rules for ZTA Gateway external port",
        "VpcId": {
          "Ref": "VpcId"
        },
        "SecurityGroupIngress": [
          {
            "IpProtocol": "tcp",
            "FromPort": "443",
            "ToPort": "443",
            "CidrIp": "0.0.0.0/0"
          }
        ],
        "SecurityGroupEgress": [
          {
            "CidrIp": "127.0.0.1/32",
            "IpProtocol": "-1"
          }],
        "Tags": [
          {
            "Key": "Name",
            "Value": { "Fn::Join": [ "-", [ { "Ref": "AWS::StackName" }, "ZTAvExtSG" ] ] }
          }
        ]
      }
    },

    "ZTAvInternalSecurityGroup": {
      "Type": "AWS::EC2::SecurityGroup",
      "Properties": {
        "GroupDescription": "Access Rules for ZTA Gateway internal port",
        "VpcId": {
          "Ref": "VpcId"
        },
        "SecurityGroupIngress": [
          {
            "IpProtocol": "icmp",
            "FromPort": "-1",
            "ToPort": "-1",
            "CidrIp": "0.0.0.0/0"
          },
          {
            "IpProtocol": "tcp",
            "FromPort": "6667",
            "ToPort": "6667",
            "CidrIp": "0.0.0.0/0"
          }
        ],
        "Tags": [
          {
            "Key": "Name",
            "Value": { "Fn::Join": [ "-", [ { "Ref": "AWS::StackName" }, "ZTAvIntSG" ] ] }
          }
        ]
      }
    },

    "ZTAvManagementSecurityGroup": {
      "Type": "AWS::EC2::SecurityGroup",
      "Properties": {
        "GroupDescription": "Access Rules for ZTA Gateway Management port",
        "VpcId": {
          "Ref": "VpcId"
        },
        "SecurityGroupIngress": [
          {
            "IpProtocol": "icmp",
            "FromPort": "-1",
            "ToPort": "-1",
            "CidrIp": "0.0.0.0/0"
          },
          {
            "IpProtocol": "tcp",
            "FromPort": "6667",
            "ToPort": "6667",
            "CidrIp": "0.0.0.0/0"
          }
        ],
        "Tags": [
          {
            "Key": "Name",
            "Value": { "Fn::Join": [ "-", [ { "Ref": "AWS::StackName" }, "ZTAvMgmtSG" ] ] }
          }
        ]
      }
    },



    "EC2Instance" : {
      "Type" : "AWS::EC2::Instance",
      "DependsOn" : ["EIPAssoc1"],
      "Properties" : {
        "ImageId"  : {"Ref" : "ZTAImageAMIId"},
        "KeyName"  : { "Ref" : "KeyName" },
        "InstanceType" : { "Ref" : "InstanceType" },
        "NetworkInterfaces" : [
          { "NetworkInterfaceId" : {"Ref" : "Eth0" }, "DeviceIndex" : "0" },
          { "NetworkInterfaceId" : {"Ref" : "Eth1" }, "DeviceIndex" : "1" },
          { "NetworkInterfaceId" : {"Ref" : "Eth2" }, "DeviceIndex" : "2" }
        ],
        "Tags"     : [
          {"Key" : "Name",
           "Value" : { "Fn::Join": [ "-", [ { "Ref": "AWS::StackName" }, "ZTAvAWS" ] ] }
          }
          ],
        "UserData" : { "Fn::Base64" : { "Fn::Join" : ["", [{"Ref" : "ZTAConfigData"}]]}}
      }
    },

    "Eth0" : {
      "Type" : "AWS::EC2::NetworkInterface",
      "Properties" : {
        "Description"     : "eth0",
        "GroupSet"        : [ { "Ref" : "ZTAvInternalSecurityGroup" } ],
        "SourceDestCheck" : "false",
        "SubnetId"        : { "Ref" : "SubnetIntId" },
        "Tags"            : [ {"Key" : "Name", "Value" : "Interface 0"}, {"Key" : "Interface", "Value" : "eth0"} ]
      }
    },

    "Eth1" : {
      "Type" : "AWS::EC2::NetworkInterface",
      "Properties" : {
        "Description"     : "eth1",
        "GroupSet"        : [ { "Ref" : "ZTAvExternalSecurityGroup" } ],
        "SourceDestCheck" : "false",
        "SubnetId"        : { "Ref" : "SubnetExtId" },
        "Tags"            : [ {"Key" : "Name", "Value" : "Interface 1"}, {"Key" : "Interface", "Value" : "eth1"} ]
      }
    },

    "Eth2" : {
      "Type" : "AWS::EC2::NetworkInterface",
      "Properties" : {
        "Description"     : "eth2",
        "GroupSet"        : [ { "Ref" : "ZTAvManagementSecurityGroup" } ],
        "SourceDestCheck" : "false",
        "SubnetId"        : { "Ref" : "SubnetMgmtId" },
        "Tags"            : [ {"Key" : "Name", "Value" : "Interface 2"}, {"Key" : "Interface", "Value" : "eth2"} ]
      }
    }


  },

  "Outputs" : {
    "InstanceId" : {
      "Value" : { "Ref" : "EC2Instance" },
      "Description" : "Instance Id of newly created instance"
    },
    "ManagementAddress" : {
      "Value" : { "Fn::Join" : [" ", [ "Private IP address:", { "Fn::GetAtt" : ["Eth2", "PrimaryPrivateIpAddress"] }]]},
      "Description" : "ZTA Gateway Management Interface details"
    },
    "InternalAddress" : {
      "Value" : { "Fn::Join" : [" ", [ "Private IP address:", { "Fn::GetAtt" : ["Eth0", "PrimaryPrivateIpAddress"] }]]},
      "Description" : "ZTA Gateway Internal Interface details"
    }
  }
}