{
  "AWSTemplateFormatVersion" : "2010-09-09",

  "Description" : "Deploy PCS into a existing VPC",

  "Metadata" : {
    "AWS::CloudFormation::Interface" : {
      "ParameterGroups" : [
        {
          "Label" : { "default" : "Existing VPC details" },
          "Parameters" : [ "VpcId", "SubnetIntId", "SubnetExtId", "SubnetMgmtId" ]
        },
        {
          "Label" : { "default":"PCS Configuration" },
          "Parameters" : [ "PCSImageAMIId", "InstanceType", "PCSConfigData", "KeyName" ]
        }
      ],
      "ParameterLabels" : {
        "VpcId" : { "default" : "Existing VPC ID" },
        "SubnetIntId" : {"default" : "Internal Subnet ID"},
        "SubnetExtId" : {"default" : "External Subnet ID"},
        "SubnetMgmtId" : {"default" : "Management Subnet ID"},
        "InternalIPAllocationId" : {"default" : "PCS Internal IP address allocation id"},
        "ExternalIPAllocationId" : {"default" : "PCS External IP address allocation id"},
        "PCSImageAMIId" : {"default" : "PCS AMI ID"},
        "InstanceType" : {"default" : "Instance Type"},
        "KeyName" : {"default" : "SSH Key Name"},
        "PCSConfigData" : {"default" : "PCS Config Data"}
      }
    }
  },

  "Parameters" : {
    "InternalIPAllocationId" : {
       "Type": "String",
       "Description": "Name of an existing Elastic ip address allocation id. Your PCS will launch with this IP addressin internal interface"
    },
    "ExternalIPAllocationId" : {
       "Type": "String",
       "Description": "Name of an existing Elastic ip address allocation id. Your PCS will launch with this IP addressin external interface"
    },

    "KeyName": {
        "Type": "AWS::EC2::KeyPair::KeyName",
        "Default": "",
        "AllowedPattern" : "[-_ a-zA-Z0-9]*",
        "Description": "Name of an existing EC2 KeyPair. Your PCS will launch with this KeyPair.",
        "ConstraintDescription": "Must be the name of an existing EC2 KeyPair."
      },

      "PCSImageAMIId" : {
        "Type" : "String",
        "Description" : "AMI ID of your existing PCS image"
      },

      "InstanceType": {
        "Description": "Select PCS instance type",
        "Type": "String",
        "Default": "t2.medium",
        "AllowedValues": [
            "t2.medium",
            "t2.large"
        ],
        "ConstraintDescription": "Must be an allowed EC2 instance type."
      },

      "PCSConfigData" : {
        "Type" : "String",
        "Description" : "PCS config data",
        "Default" : "<pulse-config><wins-server>1.1.1.1</wins-server><dns-domain>psecure.net</dns-domain><admin-username>admin</admin-username><admin-password>password1234</admin-password><cert-common-name>va1.psecure.net</cert-common-name><cert-random-text>fdsfpisonvsfnms</cert-random-text><cert-organisation>Psecure Org</cert-organisation><config-download-url>http://52.172.30.252/configdir/vpn-profile.xml</config-download-url><config-data></config-data><auth-code-license></auth-code-license><enable-license-server>n</enable-license-server><accept-license-agreement>y</accept-license-agreement></pulse-config>"
      },

    "VpcId" : {
      "Type" : "String",
      "Description" : "ID of existing VPC"
    },

    "SubnetIntId" : {
      "Type" : "String",
      "Description" : "ID of the subnet where PCS internal interface connects"
    },

    "SubnetExtId" : {
      "Type" : "String",
      "Description" : "ID of the subnet where PCS External interface connects"
    },

    "SubnetMgmtId" : {
      "Type" : "String",
      "Description" : "ID of the subnet where PCS Management interface connects"
    }
  },

  "Resources" : {

    "EIPAssoc0" : {
      "Type" : "AWS::EC2::EIPAssociation",
      "Properties" : {
        "NetworkInterfaceId" : { "Ref" : "Eth0" },
        "AllocationId" : { "Ref": "InternalIPAllocationId" },
        "PrivateIpAddress" : { "Fn::GetAtt" : ["Eth0", "PrimaryPrivateIpAddress" ] }
      }
    },

    "EIPAssoc1" : {
      "Type" : "AWS::EC2::EIPAssociation",
      "Properties" : {
        "NetworkInterfaceId" : { "Ref" : "Eth1" },
        "AllocationId" : {  "Ref": "ExternalIPAllocationId" },
        "PrivateIpAddress" : { "Fn::GetAtt" : ["Eth1", "PrimaryPrivateIpAddress" ] }
      }
    },

    "EIP2" :  {
      "Type" : "AWS::EC2::EIP",
      "Properties" : {
        "Domain" : "vpc"
      }
    },

    "EIPAssoc2" : {
      "Type" : "AWS::EC2::EIPAssociation",
      "Properties" : {
        "NetworkInterfaceId" : { "Ref" : "Eth2" },
        "AllocationId" : { "Fn::GetAtt" : ["EIP2", "AllocationId"] },
        "PrivateIpAddress" : { "Fn::GetAtt" : ["Eth2", "PrimaryPrivateIpAddress" ] }
      }
    },

    "PCSvExternalSecurityGroup": {
      "Type": "AWS::EC2::SecurityGroup",
      "Properties": {
        "GroupDescription": "Access Rules for PCS external port",
        "VpcId": {
          "Ref": "VpcId"
        },
        "SecurityGroupIngress": [
          {
            "IpProtocol": "icmp",
            "FromPort": "-1",
            "ToPort": "-1",
            "CidrIp": "0.0.0.0/0"
          },
          {
            "IpProtocol": "tcp",
            "FromPort": "6667",
            "ToPort": "6667",
            "CidrIp": "0.0.0.0/0"
          },
          {
            "IpProtocol": "tcp",
            "FromPort": "80",
            "ToPort": "80",
            "CidrIp": "0.0.0.0/0"
          },
          {
            "IpProtocol": "tcp",
            "FromPort": "443",
            "ToPort": "443",
            "CidrIp": "0.0.0.0/0"
          },
          {
            "IpProtocol": "udp",
            "FromPort": "4500",
            "ToPort": "4500",
            "CidrIp": "0.0.0.0/0"
          },
          {
            "IpProtocol": "tcp",
            "FromPort": "11000",
            "ToPort": "11099",
            "CidrIp": "0.0.0.0/0"
          }
        ],
        "SecurityGroupEgress": [
          {
            "CidrIp": "127.0.0.1/32",
            "IpProtocol": "-1"
          }],
        "Tags": [
          {
            "Key": "Name",
            "Value": { "Fn::Join": [ "-", [ { "Ref": "AWS::StackName" }, "PCSvExtSG" ] ] }
          }
        ]
      }
    },

    "PCSvInternalSecurityGroup": {
      "Type": "AWS::EC2::SecurityGroup",
      "Properties": {
        "GroupDescription": "Access Rules for PCS internal port",
        "VpcId": {
          "Ref": "VpcId"
        },
        "SecurityGroupIngress": [
          {
            "IpProtocol": "icmp",
            "FromPort": "-1",
            "ToPort": "-1",
            "CidrIp": "0.0.0.0/0"
          },
          {
            "IpProtocol": "tcp",
            "FromPort": "6667",
            "ToPort": "6667",
            "CidrIp": "0.0.0.0/0"
          }
        ],
        "Tags": [
          {
            "Key": "Name",
            "Value": { "Fn::Join": [ "-", [ { "Ref": "AWS::StackName" }, "PCSvIntSG" ] ] }
          }
        ]
      }
    },

    "PCSvManagementSecurityGroup": {
      "Type": "AWS::EC2::SecurityGroup",
      "Properties": {
        "GroupDescription": "Access Rules for PCS Management port",
        "VpcId": {
          "Ref": "VpcId"
        },
        "SecurityGroupIngress": [
          {
            "IpProtocol": "icmp",
            "FromPort": "-1",
            "ToPort": "-1",
            "CidrIp": "0.0.0.0/0"
          },
          {
            "IpProtocol": "tcp",
            "FromPort": "6667",
            "ToPort": "6667",
            "CidrIp": "0.0.0.0/0"
          },
          {
            "IpProtocol": "tcp",
            "FromPort": "80",
            "ToPort": "80",
            "CidrIp": "0.0.0.0/0"
          },
          {
            "IpProtocol": "tcp",
            "FromPort": "443",
            "ToPort": "443",
            "CidrIp": "0.0.0.0/0"
          },
          {
            "IpProtocol": "tcp",
            "FromPort": "830",
            "ToPort": "830",
            "CidrIp": "0.0.0.0/0"
          }
        ],
        "SecurityGroupEgress": [
          {
            "CidrIp": "127.0.0.1/32",
            "IpProtocol": "-1"
          }],
        "Tags": [
          {
            "Key": "Name",
            "Value": { "Fn::Join": [ "-", [ { "Ref": "AWS::StackName" }, "PCSvMgmtSG" ] ] }
          }
        ]
      }
    },

    

    "EC2Instance" : {
      "Type" : "AWS::EC2::Instance",
      "DependsOn" : ["EIPAssoc0", "EIPAssoc1", "EIPAssoc2"],
      "Properties" : {
        "ImageId"  : {"Ref" : "PCSImageAMIId"},
        "KeyName"  : { "Ref" : "KeyName" },
        "InstanceType" : { "Ref" : "InstanceType" },
        "NetworkInterfaces" : [
          { "NetworkInterfaceId" : {"Ref" : "Eth0" }, "DeviceIndex" : "0" },
          { "NetworkInterfaceId" : {"Ref" : "Eth1" }, "DeviceIndex" : "1" },
          { "NetworkInterfaceId" : {"Ref" : "Eth2" }, "DeviceIndex" : "2" }
        ],
        "Tags"     : [ 
          {"Key" : "Name", 
           "Value" : { "Fn::Join": [ "-", [ { "Ref": "AWS::StackName" }, "PCSvAWS" ] ] } 
          } 
          ],
        "UserData" : { "Fn::Base64" : { "Fn::Join" : ["", [{"Ref" : "PCSConfigData"}]]}}
      }
    },

    "Eth0" : {
      "Type" : "AWS::EC2::NetworkInterface",
      "Properties" : {
        "Description"     : "eth0",
        "GroupSet"        : [ { "Ref" : "PCSvInternalSecurityGroup" } ],
        "SourceDestCheck" : "false",
        "SubnetId"        : { "Ref" : "SubnetIntId" },
        "Tags"            : [ {"Key" : "Name", "Value" : "Interface 0"}, {"Key" : "Interface", "Value" : "eth0"} ]
      }
    },

    "Eth1" : {
      "Type" : "AWS::EC2::NetworkInterface",
      "Properties" : {
        "Description"     : "eth1",
        "GroupSet"        : [ { "Ref" : "PCSvExternalSecurityGroup" } ],
        "SourceDestCheck" : "false",
        "SubnetId"        : { "Ref" : "SubnetExtId" },
        "Tags"            : [ {"Key" : "Name", "Value" : "Interface 1"}, {"Key" : "Interface", "Value" : "eth1"} ]
      }
    },

    "Eth2" : {
      "Type" : "AWS::EC2::NetworkInterface",
      "Properties" : {
        "Description"     : "eth2",
        "GroupSet"        : [ { "Ref" : "PCSvManagementSecurityGroup" } ],
        "SourceDestCheck" : "false",
        "SubnetId"        : { "Ref" : "SubnetMgmtId" },
        "Tags"            : [ {"Key" : "Name", "Value" : "Interface 2"}, {"Key" : "Interface", "Value" : "eth2"} ]
      }
    }


  },

  "Outputs" : {
    "InstanceId" : {
      "Value" : { "Ref" : "EC2Instance" },
      "Description" : "Instance Id of newly created instance"
    },
    "ManagementAddress" : {
      "Value" : { "Fn::Join" : [" ", [ "Public IP address:", { "Ref" : "EIP2" }, "Private IP address:", { "Fn::GetAtt" : ["Eth2", "PrimaryPrivateIpAddress"] }]]},
      "Description" : "PCS Management Interface details"
    }
  }
}
