{
  "AWSTemplateFormatVersion" : "2010-09-09",

  "Description" : "Deploy PCS into a new VPC",

  "Metadata" : {
    "AWS::CloudFormation::Interface" : {
      "ParameterGroups" : [
        {
          "Label" : { "default" : "New VPC Configuration" },
          "Parameters" : [ "VPCCIDR", "InternalSubnetCIDR", "ExternalSubnetCIDR", "ManagementSubnetCIDR", "TunnelSubnetCIDR" ]
        },
        {
          "Label" : { "default":"PCS Configuration" },
          "Parameters" : [ "PCSImageAMIId", "InstanceType", "InternalIPAllocationId", "ExternalIPAllocationId", "PCSConfigData", "KeyName" ]
        }
      ],
      "ParameterLabels" : {
        "VPCCIDR" : { "default" : "New VPC address space" },
        "InternalSubnetCIDR" : {"default" : "Internal Subnet address space"},
        "ExternalSubnetCIDR" : {"default" : "External Subnet address space"},
        "ManagementSubnetCIDR" : {"default" : "Management Subnet address space"},
        "TunnelSubnetCIDR" : {"default" : "Tunnel Subnet address space"},
        "PCSImageAMIId" : {"default" : "PCS AMI ID"},
        "InstanceType" : {"default" : "Instance Type"},
        "InternalIPAllocationId" : {"default" : "PCS Internal IP address allocation id"},
        "ExternalIPAllocationId" : {"default" : "PCS External IP address allocation id"},
        "KeyName" : {"default" : "SSH Key Name"},
        "PCSConfigData" : {"default" : "PCS Config Data"}
      }
    }
  },

  "Parameters" : {
    "InternalIPAllocationId" : {
       "Type": "String",
       "Description": "Name of an existing Elastic ip address allocation id. Your PCS will launch with this IP addressin internal interface"
    },
    "ExternalIPAllocationId" : {
       "Type": "String",
       "Description": "Name of an existing Elastic ip address allocation id. Your PCS will launch with this IP addressin external interface"
    },
    "KeyName": {
        "Type": "AWS::EC2::KeyPair::KeyName",
        "Default": "",
        "AllowedPattern" : "[-_ a-zA-Z0-9]*",
        "Description": "Name of an existing EC2 KeyPair. Your PCS will launch with this KeyPair.",
        "ConstraintDescription": "Must be the name of an existing EC2 KeyPair."
      },

    "PCSImageAMIId" : {
        "Type" : "String",
        "Description" : "AMI ID of your existing PCS image"
      },

    "InstanceType": {
        "Description": "Select PCS instance type",
        "Type": "String",
        "Default": "t2.medium",
        "AllowedValues": [
            "t2.medium",
            "t2.large"
        ],
        "ConstraintDescription": "Must be an allowed EC2 instance type."
      },

      "PCSConfigData" : {
        "Type" : "String",
        "Description" : "PCS config data",
        "Default" : "<pulse-config><wins-server>1.1.1.1</wins-server><dns-domain>psecure.net</dns-domain><admin-username>admin</admin-username><admin-password>password1234</admin-password><cert-common-name>va1.psecure.net</cert-common-name><cert-random-text>fdsfpisonvsfnms</cert-random-text><cert-organisation>Psecure Org</cert-organisation><config-download-url></config-download-url><config-data></config-data><auth-code-license></auth-code-license><enable-license-server>n</enable-license-server><accept-license-agreement>y</accept-license-agreement></pulse-config>"
      },

      "VPCCIDR": {
        "Description": "CIDR block for entire VPC.",
        "Type": "String",
        "Default": "10.20.0.0/16",
        "AllowedPattern": "^(([0-9]|[1-9][0-9]|1[0-9]{2}|2[0-4][0-9]|25[0-5])\\.){3}([0-9]|[1-9][0-9]|1[0-9]{2}|2[0-4][0-9]|25[0-5])(\\/([0-9]|[1-2][0-9]|3[0-2]))$",
        "ConstraintDescription": "Must be a valid CIDR range of the form x.x.x.x/x."
      },

      "InternalSubnetCIDR": {
        "Description": "PCS internal interface connects to this subnet",
        "Type": "String",
        "Default": "10.20.1.0/24",
        "AllowedPattern": "^(([0-9]|[1-9][0-9]|1[0-9]{2}|2[0-4][0-9]|25[0-5])\\.){3}([0-9]|[1-9][0-9]|1[0-9]{2}|2[0-4][0-9]|25[0-5])(\\/([0-9]|[1-2][0-9]|3[0-2]))$",
        "ConstraintDescription": "CIDR block parameter must be in the form x.x.x.x/x"
      },

      "ExternalSubnetCIDR": {
        "Description": "PCS external interface connects to this subnet",
        "Type": "String",
        "Default": "10.20.2.0/24",
        "AllowedPattern": "^(([0-9]|[1-9][0-9]|1[0-9]{2}|2[0-4][0-9]|25[0-5])\\.){3}([0-9]|[1-9][0-9]|1[0-9]{2}|2[0-4][0-9]|25[0-5])(\\/([0-9]|[1-2][0-9]|3[0-2]))$",
        "ConstraintDescription": "CIDR block parameter must be in the form x.x.x.x/x"
      },

      "ManagementSubnetCIDR": {
        "Description": "PCS management interface connects to this subnet",
        "Type": "String",
        "Default": "10.20.3.0/24",
        "AllowedPattern": "^(([0-9]|[1-9][0-9]|1[0-9]{2}|2[0-4][0-9]|25[0-5])\\.){3}([0-9]|[1-9][0-9]|1[0-9]{2}|2[0-4][0-9]|25[0-5])(\\/([0-9]|[1-2][0-9]|3[0-2]))$",
        "ConstraintDescription": "CIDR block parameter must be in the form x.x.x.x/x"
      },

      "TunnelSubnetCIDR": {
        "Description": "For L3 VPN connections PCS hands over IP to the clients from this subnet",
        "Type": "String",
        "Default": "10.20.4.0/24",
        "AllowedPattern": "^(([0-9]|[1-9][0-9]|1[0-9]{2}|2[0-4][0-9]|25[0-5])\\.){3}([0-9]|[1-9][0-9]|1[0-9]{2}|2[0-4][0-9]|25[0-5])(\\/([0-9]|[1-2][0-9]|3[0-2]))$",
        "ConstraintDescription": "CIDR block parameter must be in the form x.x.x.x/x"
      }


  },

  "Resources" : {
    "VPC" : {
        "Type" : "AWS::EC2::VPC",
        "Properties" : {
          "CidrBlock" : {"Ref": "VPCCIDR"},
          "EnableDnsHostnames": "true",
          "EnableDnsSupport": "true",
          "Tags" : [ {"Key" : "Application", "Value" : { "Ref" : "AWS::StackId"} },
                     {"Key" : "Name", "Value" : { "Fn::Join": [ "-", [ { "Ref": "AWS::StackName" }, "PCSVPC" ] ] } }        
                    ]
        }       
      },
      "IntSubnet" : {
        "Type" : "AWS::EC2::Subnet",
        "Properties" : {
          "VpcId" : { "Ref" : "VPC" },
          "CidrBlock" : {"Ref" : "InternalSubnetCIDR"},
          "AvailabilityZone" : {
            "Fn::Select" : [ "0", { "Fn::GetAZs" : "" } ]
          },
          "Tags" : [ {"Key" : "Application", "Value" : { "Ref" : "AWS::StackId"} },
            {"Key" : "Name", "Value" : { "Fn::Join": [ "-", [ { "Ref": "AWS::StackName" }, "PCSVPCIntSubnet" ] ] } }        
           ]
        }
      },
      "ExtSubnet" : {
        "Type" : "AWS::EC2::Subnet",
        "Properties" : {
          "VpcId" : { "Ref" : "VPC" },
          "CidrBlock" : {"Ref" : "ExternalSubnetCIDR"},
          "AvailabilityZone" : {
            "Fn::Select" : [ "0", { "Fn::GetAZs" : "" } ]
          },
          "Tags" : [ {"Key" : "Application", "Value" : { "Ref" : "AWS::StackId"} },
            {"Key" : "Name", "Value" : { "Fn::Join": [ "-", [ { "Ref": "AWS::StackName" }, "PCSVPCExtSubnet" ] ] } }        
           ]
        }
      },
      "MgmtSubnet" : {
        "Type" : "AWS::EC2::Subnet",
        "Properties" : {
          "VpcId" : { "Ref" : "VPC" },
          "CidrBlock" : {"Ref" : "ManagementSubnetCIDR"},
          "AvailabilityZone" : {
            "Fn::Select" : [ "0", { "Fn::GetAZs" : "" } ]
          },
          "Tags" : [ {"Key" : "Application", "Value" : { "Ref" : "AWS::StackId"} },
            {"Key" : "Name", "Value" : { "Fn::Join": [ "-", [ { "Ref": "AWS::StackName" }, "PCSVPCMgmtSubnet" ] ] } }        
           ]
        }
      },
      "TunnelSubnet" : {
        "Type" : "AWS::EC2::Subnet",
        "Properties" : {
          "VpcId" : { "Ref" : "VPC" },
          "CidrBlock" : {"Ref" : "TunnelSubnetCIDR"},
          "AvailabilityZone" : {
            "Fn::Select" : [ "0", { "Fn::GetAZs" : "" } ]
          },
          "Tags" : [ {"Key" : "Application", "Value" : { "Ref" : "AWS::StackId"} },
            {"Key" : "Name", "Value" : { "Fn::Join": [ "-", [ { "Ref": "AWS::StackName" }, "PCSVPCTunnelSubnet" ] ] } }        
           ]
        }
      },
      "InternetGateway" : {
        "Type" : "AWS::EC2::InternetGateway",
        "Properties" : {
            "Tags" : [ {"Key" : "Application", "Value" : { "Ref" : "AWS::StackId"} },
                {"Key" : "Name", "Value" : { "Fn::Join": [ "-", [ { "Ref": "AWS::StackName" }, "PCSVPC" ] ] } }        
               ]
        }
      },
      "AttachGateway" : {
        "Type" : "AWS::EC2::VPCGatewayAttachment",
        "Properties" : {
          "VpcId" : { "Ref" : "VPC" },
          "InternetGatewayId" : { "Ref" : "InternetGateway" }
        }
     },
     "PublicSubnetRouteTable" : {
        "Type" : "AWS::EC2::RouteTable",
        "Properties" : {
          "VpcId" : {"Ref" : "VPC"},
          "Tags" : [ {"Key" : "Application", "Value" : { "Ref" : "AWS::StackId"} },
            {"Key" : "Name", "Value" : { "Fn::Join": [ "-", [ { "Ref": "AWS::StackName" }, "PCSVPC" ] ] } }        
           ]
        }
      },
      "PublicSubnetRoute" : {
        "Type" : "AWS::EC2::Route",
        "DependsOn" : "AttachGateway",
        "Properties" : {
          "RouteTableId" : { "Ref" : "PublicSubnetRouteTable" },
          "DestinationCidrBlock" : "0.0.0.0/0",
          "GatewayId" : { "Ref" : "InternetGateway" }
        }
      },
      "ExtSubnetRouteTableAssociation" : {
        "Type" : "AWS::EC2::SubnetRouteTableAssociation",
        "Properties" : {
          "SubnetId" : { "Ref" : "ExtSubnet" },
          "RouteTableId" : { "Ref" : "PublicSubnetRouteTable" }
        }
      },
      "MgmtSubnetRouteTableAssociation" : {
        "Type" : "AWS::EC2::SubnetRouteTableAssociation",
        "Properties" : {
          "SubnetId" : { "Ref" : "MgmtSubnet" },
          "RouteTableId" : { "Ref" : "PublicSubnetRouteTable" }
        }
    },
    "IntSubnetRouteTableAssociation" : {
        "Type" : "AWS::EC2::SubnetRouteTableAssociation",
        "Properties" : {
          "SubnetId" : { "Ref" : "IntSubnet" },
          "RouteTableId" : { "Ref" : "PublicSubnetRouteTable" }
        }
  },

  "EIPAssoc0" : {
    "Type" : "AWS::EC2::EIPAssociation",
    "Properties" : {
      "NetworkInterfaceId" : { "Ref" : "Eth0" },
      "AllocationId" : { "Ref": "InternalIPAllocationId" },
      "PrivateIpAddress" : { "Fn::GetAtt" : ["Eth0", "PrimaryPrivateIpAddress" ] }
    }
  },

"EIPAssoc1" : {
  "Type" : "AWS::EC2::EIPAssociation",
  "Properties" : {
    "NetworkInterfaceId" : { "Ref" : "Eth1" },
    "AllocationId" : { "Ref" : "ExternalIPAllocationId" },
    "PrivateIpAddress" : { "Fn::GetAtt" : ["Eth1", "PrimaryPrivateIpAddress" ] }
  }
},

"EIP2" :  {
  "Type" : "AWS::EC2::EIP",
  "Properties" : {
    "Domain" : "vpc"
  }
},

"EIPAssoc2" : {
  "Type" : "AWS::EC2::EIPAssociation",
  "Properties" : {
    "NetworkInterfaceId" : { "Ref" : "Eth2" },
    "AllocationId" : { "Fn::GetAtt" : ["EIP2", "AllocationId"] },
    "PrivateIpAddress" : { "Fn::GetAtt" : ["Eth2", "PrimaryPrivateIpAddress" ] }
  }
},

"PCSvExternalSecurityGroup": {
  "Type": "AWS::EC2::SecurityGroup",
  "Properties": {
    "GroupDescription": "Access Rules for PCS external port",
    "VpcId": {
      "Ref": "VPC"
    },
    "SecurityGroupIngress": [
      {
        "IpProtocol": "icmp",
        "FromPort": "-1",
        "ToPort": "-1",
        "CidrIp": "0.0.0.0/0"
      },
      {
        "IpProtocol": "tcp",
        "FromPort": "80",
        "ToPort": "80",
        "CidrIp": "0.0.0.0/0"
      },
      {
        "IpProtocol": "tcp",
        "FromPort": "443",
        "ToPort": "443",
        "CidrIp": "0.0.0.0/0"
      },
      {
        "IpProtocol": "udp",
        "FromPort": "4500",
        "ToPort": "4500",
        "CidrIp": "0.0.0.0/0"
      },
      {
        "IpProtocol": "tcp",
        "FromPort": "11000",
        "ToPort": "11099",
        "CidrIp": "0.0.0.0/0"
      }
    ],
    "SecurityGroupEgress": [
      {
        "CidrIp": "127.0.0.1/32",
        "IpProtocol": "-1"
      }],
    "Tags": [
      {
        "Key": "Name",
        "Value": { "Fn::Join": [ "-", [ { "Ref": "AWS::StackName" }, "PCSvExtSG" ] ] }
      }
    ]
  }
},

"PCSvInternalSecurityGroup": {
  "Type": "AWS::EC2::SecurityGroup",
  "Properties": {
    "GroupDescription": "Access Rules for PCS internal port",
    "VpcId": {
      "Ref": "VPC"
    },
    "SecurityGroupIngress": [
      {
        "IpProtocol": "icmp",
        "FromPort": "-1",
        "ToPort": "-1",
        "CidrIp": "0.0.0.0/0"
      },
      {
        "IpProtocol": "tcp",
        "FromPort": "6667",
        "ToPort": "6667",
        "CidrIp": "0.0.0.0/0"
      }
    ],
    "Tags": [
      {
        "Key": "Name",
        "Value": { "Fn::Join": [ "-", [ { "Ref": "AWS::StackName" }, "PCSvIntSG" ] ] }
      }
    ]
  }
},

"PCSvManagementSecurityGroup": {
  "Type": "AWS::EC2::SecurityGroup",
  "Properties": {
    "GroupDescription": "Access Rules for PCS Management port",
    "VpcId": {
      "Ref": "VPC"
    },
    "SecurityGroupIngress": [
      {
        "IpProtocol": "icmp",
        "FromPort": "-1",
        "ToPort": "-1",
        "CidrIp": "0.0.0.0/0"
      },
      {
        "IpProtocol": "tcp",
        "FromPort": "80",
        "ToPort": "80",
        "CidrIp": "0.0.0.0/0"
      },
      {
        "IpProtocol": "tcp",
        "FromPort": "443",
        "ToPort": "443",
        "CidrIp": "0.0.0.0/0"
      },
      {
        "IpProtocol": "tcp",
        "FromPort": "830",
        "ToPort": "830",
        "CidrIp": "0.0.0.0/0"
      }
    ],
    "SecurityGroupEgress": [
      {
        "CidrIp": "127.0.0.1/32",
        "IpProtocol": "-1"
      }],
    "Tags": [
      {
        "Key": "Name",
        "Value": { "Fn::Join": [ "-", [ { "Ref": "AWS::StackName" }, "PCSvMgmtSG" ] ] }
      }
    ]
  }
},



"EC2Instance" : {
  "Type" : "AWS::EC2::Instance",
  "DependsOn" : ["EIPAssoc0", "EIPAssoc1", "EIPAssoc2"],
  "Properties" : {
    "ImageId"  : {"Ref" : "PCSImageAMIId"},
    "KeyName"  : { "Ref" : "KeyName" },
    "InstanceType" : { "Ref" : "InstanceType" },
    "NetworkInterfaces" : [
      { "NetworkInterfaceId" : {"Ref" : "Eth0" }, "DeviceIndex" : "0" },
      { "NetworkInterfaceId" : {"Ref" : "Eth1" }, "DeviceIndex" : "1" },
      { "NetworkInterfaceId" : {"Ref" : "Eth2" }, "DeviceIndex" : "2" }
    ],
    "Tags"     : [ 
      {"Key" : "Name", 
       "Value" : { "Fn::Join": [ "-", [ { "Ref": "AWS::StackName" }, "PCSvAWS" ] ] } 
      } 
      ],
      "UserData" : { "Fn::Base64" : { "Fn::Join" : ["", [{"Ref" : "PCSConfigData"}]]}}
  }
},

"Eth0" : {
  "Type" : "AWS::EC2::NetworkInterface",
  "Properties" : {
    "Description"     : "eth0",
    "GroupSet"        : [ { "Ref" : "PCSvInternalSecurityGroup" } ],
    "SourceDestCheck" : "false",
    "SubnetId"        : { "Ref" : "IntSubnet" },
    "Tags"            : [ {"Key" : "Name", "Value" : "Interface 0"}, {"Key" : "Interface", "Value" : "eth0"} ]
  }
},

"Eth1" : {
  "Type" : "AWS::EC2::NetworkInterface",
  "Properties" : {
    "Description"     : "eth1",
    "GroupSet"        : [ { "Ref" : "PCSvExternalSecurityGroup" } ],
    "SourceDestCheck" : "false",
    "SubnetId"        : { "Ref" : "ExtSubnet" },
    "Tags"            : [ {"Key" : "Name", "Value" : "Interface 1"}, {"Key" : "Interface", "Value" : "eth1"} ]
  }
},

"Eth2" : {
  "Type" : "AWS::EC2::NetworkInterface",
  "Properties" : {
    "Description"     : "eth2",
    "GroupSet"        : [ { "Ref" : "PCSvManagementSecurityGroup" } ],
    "SourceDestCheck" : "false",
    "SubnetId"        : { "Ref" : "MgmtSubnet" },
    "Tags"            : [ {"Key" : "Name", "Value" : "Interface 2"}, {"Key" : "Interface", "Value" : "eth2"} ]
  }
}
      
},

"Outputs" : {
    "InstanceId" : {
      "Value" : { "Ref" : "EC2Instance" },
      "Description" : "Instance Id of newly created instance"
    },
    "ManagementAddress" : {
      "Value" : { "Fn::Join" : [" ", [ "Public IP address:", { "Ref" : "EIP2" }, "Private IP address:", { "Fn::GetAtt" : ["Eth2", "PrimaryPrivateIpAddress"] }]]},
      "Description" : "PCS Management Interface details"
    },
    "ExternalAddress" : {
      "Value" : { "Fn::Join" : [" ", [ "Private IP address:", { "Fn::GetAtt" : ["Eth1", "PrimaryPrivateIpAddress"] }]]},
      "Description" : "PCS Extenal Interface details"
    },
    "InternalAddress" : {
        "Value" : { "Fn::Join" : [" ", [ "Private IP address:", { "Fn::GetAtt" : ["Eth0", "PrimaryPrivateIpAddress"] }]]},
        "Description" : "PCS Internal Interface details"
      }
  }
}
