{
  "$schema": "https://schema.management.azure.com/schemas/2015-01-01/deploymentTemplate.json#",
  "contentVersion": "1.0.0.0",
  "parameters": {
    "location": {
      "type": "string",
      "defaultValue": "[resourceGroup().location]",
      "metadata": {
        "description": "The Azure region where all resources will be deployed."
      }
    },
    "prefix": {
      "type": "string",
      "defaultValue": "[resourceGroup().name]",
      "metadata": {
        "description": "Prefix for resource names."
      }
    },
    "ZTAStorageAccountName": {
      "type": "string",
      "defaultValue": "adee2esaccount",     
      "metadata": {
        "description": "Storage account name where ZTA Gateway image is uploaded"
      }
    },
    "ZTAStorageAccountResourceGroupName": {
      "type": "string",
      "defaultValue": "ade-yak-gw-resource-group",     
      "metadata": {
        "description": "Resource group of the existing storage account where ZTA Gateway image is uploaded"
      }
    },
    "ZTAImageLocationURI": {
      "type": "string",
       "defaultValue": "https://adee2esaccount.blob.core.windows.net/master/PSA-V-HYPERV-PCS-5142.1-SERIAL-hyperv.vhd",    
      "metadata": {
        "description": "URL of ZTA Gateway vhd image"
      }
    },
    "ZTAGatewayName": {
      "type": "string",
      "defaultValue": "ZTAAzureVA",
      "metadata": {
      "description": "ZTA Gateway VA Name"
               }
            },    
    "ZTAConfig": {
      "type": "string",
      "defaultValue": "",
      "metadata": {
      "description": "Enter ZTA Gateway config. Download user data from Controller and paste here."
               }
            },
    "SSHPublicKey": {
      "type": "string",
      "metadata": {
        "description": "Provide an RSA public key. This key is used to access ZTA Gateway via SSH. You can generate SSH keys using ssh-keygen on Linux and OS X, or PuTTyGen on Windows. SSH Public key should be in base64 encoded format"
      }
    },
    "dnsLabelPrefixExt": {
      "type": "string",
     "defaultValue": "[concat('e2eext', uniqueString(resourceGroup().id))]",           
      "metadata": {
        "description": "Unique DNS Name for the Public IP used to access ZTA"
      }
    },
    "dnsLabelPrefixMgmt": {
      "type": "string",
     "defaultValue": "[concat('e2emgmt', uniqueString(resourceGroup().id))]",           
      "metadata": {
        "description": "Unique DNS Name for the Public IP used to access ZTA"
      }
    },
    "VnetAddressSpace": {
        "type": "string",
        "defaultValue": "10.20.0.0/16",
        "metadata": {
            "description": "Virtual Network Address Space"
        }
    },
    "InternalSubnet": {
        "type": "string",
        "defaultValue": "10.20.1.0/24",
        "metadata": {
            "description": "ZTA Gateway internal interface connects to this subnet"
        }
    },
    "ExternalSubnet": {
        "type": "string",
        "defaultValue": "10.20.2.0/24",
        "metadata": {
            "description": "ZTA Gateway external interface connects to this subnet"
        }
    },
    "ManagementSubnet": {
        "type": "string",
        "defaultValue": "10.20.3.0/24",
        "metadata": {
            "description": "ZTA Gateway management interface connects to this subnet"
        }
    },
    "ipResourceGroup": {
      "type": "string",
      "defaultValue": "[resourceGroup().name]",
      "metadata": {
        "description": "Resource group for IPs"
      }
    },
    "externalIPName": {
      "type": "string",
      "defaultValue": "[concat(resourceGroup().name,'-ext')]",
      "metadata": {
        "description": "Name of external IP"
      }
    },
    "NeedLoadBalancer": {
      "type": "string",
      "defaultValue": "no",
      "allowedValues": [
        "yes",
        "no"
      ],
      "metadata": {
        "description": "Determines whether or not a new load balancer should be provisioned: Yes/No"
      }
    }
  },
  "variables": {
    "ztavnetname"               : "[concat(parameters('ZTAGatewayName'),'-ZTAVirtualNetwork')]",
    "ztaVnetIntSubnet"          : "[concat(parameters('ZTAGatewayName'),'-ZTAInternalSubnet')]",
    "ztaVnetExtSubnet"          : "[concat(parameters('ZTAGatewayName'),'-ZTAExternalSubnet')]",
    "ztaVnetMgmtSubnet"         : "[concat(parameters('ZTAGatewayName'),'-ZTAManagementSubnet')]",
    "ztaIntNic"                 : "[concat(parameters('ZTAGatewayName'),'-ZTAInternalNIC')]",
    "ztaExtNic"                 : "[concat(parameters('ZTAGatewayName'),'-ZTAExternalNIC')]",
    "ztaMgmtNic"                : "[concat(parameters('ZTAGatewayName'),'-ZTAManagementNIC')]",
    "publicIPAddressType"       : "Static",
    "nsgInt"                    : "[concat(parameters('ZTAGatewayName'),'-NSGInternalSubnet')]",
    "nsgExt"                    : "[concat(parameters('ZTAGatewayName'),'-NSGExternalSubnet')]",
    "nsgMgmt"                   : "[concat(parameters('ZTAGatewayName'),'-NSGManagementSubnet')]",
    "vmSize"                    : "Standard_F4s",
    "vnetID"                    : "[resourceId('Microsoft.Network/virtualNetworks',variables('ztavnetname'))]",
    "subnetRefInt"              : "[concat(variables('vnetID'),'/subnets/',variables('ztaVnetIntSubnet'))]",
    "subnetRefExt"              : "[concat(variables('vnetID'),'/subnets/',variables('ztaVnetExtSubnet'))]",
    "subnetRefMgmt"             : "[concat(variables('vnetID'),'/subnets/',variables('ztaVnetMgmtSubnet'))]",
    "ZTALbName"                 : "[concat(parameters('ZTAGatewayName'),'-lb')]",
    "ZTALbIP"                   : "[concat(parameters('ZTAGatewayName'),'-lbPublicIP')]",
    "ztaNatIp"                  : "[concat(parameters('ZTAGatewayName'),'-IPNat')]",
    "ztaNatGateway"             : "[concat(parameters('ZTAGatewayName'),'-NATGw')]",
    "externalIPId"              : "[resourceId(parameters('ipResourceGroup'),'Microsoft.Network/publicIPAddresses',parameters('externalIPName'))]",
    "externalNICwrapper"        : "[if(equals(parameters('NeedLoadBalancer'), 'no'), variables('ztaExtNic'), concat(parameters('ZTAGatewayName'),'-PZTAExternalNIC'))]",
    "apiVersion"                : "2015-06-15"
  },
  "resources": [
    {
      "condition": "[equals(parameters('NeedLoadBalancer'), 'yes')]",
      "apiVersion": "2019-09-01",
      "type": "Microsoft.Network/publicIPAddresses",
      "name": "[variables('ZTALbIP')]",
      "location": "[resourceGroup().location]",
      "sku": {
        "name": "Standard"
      },
      "properties": {
        "publicIPAllocationMethod": "[variables('publicIPAddressType')]",
        "dnsSettings": {
          "domainNameLabel": "[parameters('dnsLabelPrefixMgmt')]"
        }
      }
    },
    {
      "apiVersion": "2019-09-01",
      "type": "Microsoft.Network/publicIPAddresses",
      "name": "[variables('ztaNatIp')]",
      "location": "[resourceGroup().location]",
      "sku": {
        "name": "Standard"
      },
      "properties": {
        "publicIPAllocationMethod": "[variables('publicIPAddressType')]",
        "dnsSettings": {
          "domainNameLabel": "[parameters('dnsLabelPrefixExt')]"
        }
      }
    },
    {
      "name": "[variables('ztaNatGateway')]",
      "type": "Microsoft.Network/natGateways",
      "apiVersion": "2019-09-01",
      "location": "[resourceGroup().location]",
      "sku": {
        "name": "Standard"
      },
      "dependsOn": [
        "[concat('Microsoft.Network/publicIPAddresses/', variables('ZTANatIp'))]"
      ],
      "properties": {
        "idleTimeoutInMinutes": 4,
        "publicIpAddresses": [
          {
            "id": "[resourceId('Microsoft.Network/publicIPAddresses', variables('ZTANatIp'))]"
          }
        ]
      }
    },
    {
      "apiVersion": "2019-09-01",
      "type": "Microsoft.Network/virtualNetworks",
      "name": "[variables('ztavnetname')]",
      "location": "[resourceGroup().location]",
      "dependsOn": [
        "[concat('Microsoft.Network/networkSecurityGroups/', variables('nsgInt'))]",
        "[concat('Microsoft.Network/networkSecurityGroups/', variables('nsgExt'))]",
        "[concat('Microsoft.Network/networkSecurityGroups/', variables('nsgMgmt'))]",
        "[concat('Microsoft.Network/publicIPAddresses/', variables('ZTANatIp'))]",
        "[concat('Microsoft.Network/natGateways/', variables('ztaNatGateway'))]"
      ],     
      "properties": {
        "addressSpace": {
          "addressPrefixes": [
            "[parameters('VnetAddressSpace')]"
          ]
        },
        "dhcpOptions": {
         "dnsServers": [
          "[last(split(first(split(parameters('ZTAConfig'), '</primary-dns>')),'<primary-dns>'))]",
          "[last(split(first(split(parameters('ZTAConfig'), '</secondary-dns>')),'<secondary-dns>'))]"
         ]
        },
        "subnets": [
          {
            "name": "[variables('ztaVnetIntSubnet')]",
            "properties": {
              "addressPrefix": "[parameters('InternalSubnet')]",
              "networkSecurityGroup": {
                "id": "[resourceId('Microsoft.Network/networkSecurityGroups', variables('nsgInt'))]"
              },
              "natGateway": {
                "id": "[resourceId('Microsoft.Network/natGateways', variables('ztaNatGateway'))]"
              }
            }
          },
          {
            "name": "[variables('ztaVnetExtSubnet')]",
            "properties": {
              "addressPrefix": "[parameters('ExternalSubnet')]",
              "networkSecurityGroup": {
                "id": "[resourceId('Microsoft.Network/networkSecurityGroups', variables('nsgExt'))]"
              }                                 
            }
          },
          {
            "name": "[variables('ztaVnetMgmtSubnet')]",
            "properties": {
              "addressPrefix": "[parameters('ManagementSubnet')]",
              "networkSecurityGroup": {
                "id": "[resourceId('Microsoft.Network/networkSecurityGroups', variables('nsgMgmt'))]"
              },
              "natGateway": {
                "id": "[resourceId('Microsoft.Network/natGateways', variables('ztaNatGateway'))]"
              }
            }
          }
        ]
      }
    },
    {
      "condition": "[equals(parameters('NeedLoadBalancer'), 'no')]",
      "apiVersion": "2019-09-01",
      "type": "Microsoft.Network/networkInterfaces",
      "name": "[variables('ztaExtNic')]",
      "location": "[resourceGroup().location]",
      "dependsOn": [
        "[resourceId('Microsoft.Network/virtualNetworks/', variables('ztavnetname'))]",
        "[resourceId('Microsoft.Network/loadBalancers', variables('ZTALbName'))]",
        "[resourceId('Microsoft.Network/natGateways', variables('ztaNatGateway'))]"
      ],
      "properties": {
        "enableIPForwarding": true,
        "ipConfigurations": [
          {
            "name": "ipconfig1",
            "properties": {
              "privateIPAllocationMethod":"Dynamic",
              "privateIPAddressVersion":"IPv4",
              "publicIPAddress": {
                "id": "[variables('externalIPId')]"
              },
              "subnet": {
                "id": "[variables('subnetRefExt')]"
              }
            }
          }
        ]
      }
    },

    {
      "condition": "[equals(parameters('NeedLoadBalancer'), 'yes')]",
      "apiVersion": "2019-09-01",
      "type": "Microsoft.Network/networkInterfaces",
      "name": "[concat(parameters('ZTAGatewayName'),'-PZTAExternalNIC')]",
      "location": "[resourceGroup().location]",
      "dependsOn": [
        "[resourceId('Microsoft.Network/virtualNetworks/', variables('ztavnetname'))]",
        "[resourceId('Microsoft.Network/loadBalancers', variables('ZTALbName'))]",
        "[resourceId('Microsoft.Network/natGateways', variables('ztaNatGateway'))]"
      ],
      "properties": {
        "enableIPForwarding": true,
        "ipConfigurations": [
          {
            "name": "ipconfig1",
            "properties": {
              "privateIPAllocationMethod":"Dynamic",
              "privateIPAddressVersion":"IPv4",
              "subnet": {
                "id": "[variables('subnetRefExt')]"
              },
              "loadBalancerBackendAddressPools": [ {
                "id": "[resourceId('Microsoft.Network/loadBalancers/backendAddressPools', variables('ZTALbName'), 'ZTALbPool')]"
              } ]
            }
          }
        ]
      }
    },

    {
      "apiVersion": "2019-09-01",
      "type": "Microsoft.Network/networkInterfaces",
      "name": "[variables('ztaMgmtNic')]",
      "location": "[resourceGroup().location]",
      "dependsOn": [
        "[resourceId('Microsoft.Network/virtualNetworks/', variables('ztavnetname'))]"
      ],
      "properties": {
        "enableIPForwarding": true,
        "ipConfigurations": [
          {
            "name": "ipconfig2",
            "properties": {
              "privateIPAllocationMethod":"Dynamic",
              "privateIPAddressVersion":"IPv4",
              "subnet": {
                "id": "[variables('subnetRefMgmt')]"
              }
            }
          }
        ]                         
      }
    },

    {
      "apiVersion": "2019-09-01",
      "type": "Microsoft.Network/networkInterfaces",
      "name": "[variables('ztaIntNic')]",
      "location": "[resourceGroup().location]",
      "dependsOn": [
        "[resourceId('Microsoft.Network/virtualNetworks/', variables('ztavnetname'))]"        
      ],
      "properties": {
        "enableIPForwarding": true,
        "ipConfigurations": [
          {
            "name": "ipconfig3",
            "properties": {
              "privateIPAllocationMethod":"Dynamic",
              "privateIPAddressVersion":"IPv4",                 
              "subnet": {
                "id": "[variables('subnetRefInt')]"
              }
            }
          }
        ]                         
      }
    },
    
    {
      "apiVersion": "2015-06-15",
      "type": "Microsoft.Compute/virtualMachines",
      "name": "[parameters('ZTAGatewayName')]",
      "location": "[resourceGroup().location]",
      "dependsOn": [
        "[resourceId('Microsoft.Network/networkInterfaces/', variables('ztaIntNic'))]",
        "[resourceId('Microsoft.Network/networkInterfaces/', variables('externalNICwrapper'))]",
        "[resourceId('Microsoft.Network/networkInterfaces/', variables('ztaMgmtNic'))]",
        "[resourceId('Microsoft.Network/natGateways', variables('ztaNatGateway'))]"
      ],
      "properties": {
        "hardwareProfile": {
          "vmSize": "[variables('vmSize')]"
        },
        "osProfile": {
          "computerName": "[parameters('ZTAGatewayName')]",
          "adminUsername": "dummyuser",
          "customData": "[base64(parameters('ZTAConfig'))]",
          "linuxConfiguration": {
              "disablePasswordAuthentication": "true",
                  "ssh": {
                      "publicKeys": [
                           {
                                "path": "[concat('/home/', 'dummyuser', '/.ssh/authorized_keys')]",
                                "keyData": "[parameters('SSHPublicKey')]"
                           }
                      ]
                  }      
        }
        },
        "storageProfile": {
          "osDisk": {
            "name": "osdisk",
            "osType": "Linux",
            "caching": "ReadWrite",
            "createOption": "FromImage",
            "image": {
              "uri": "[parameters('ZTAImageLocationURI')]"
            },
            "vhd": {
              "uri": "[concat(reference(resourceId(parameters('ZTAStorageAccountResourceGroupName'), 'Microsoft.Storage/storageAccounts/', parameters('ZTAStorageAccountName')), variables('apiVersion')).primaryEndpoints.blob, 'vhds/',parameters('ZTAGatewayName'), uniquestring(resourceGroup().id), 'ztaOSDisk.vhd')]"
            }                                 
          }
        },
        "networkProfile": {
          "networkInterfaces": [
            {
              "id": "[resourceId('Microsoft.Network/networkInterfaces',variables('ztaIntNic'))]",
              "properties": {
                "primary": true
              }
            },
            {
              "id": "[resourceId('Microsoft.Network/networkInterfaces',variables('externalNICwrapper'))]",
              "properties": {
                "primary": false
              }
            },
            {
              "id": "[resourceId('Microsoft.Network/networkInterfaces',variables('ztaMgmtNic'))]",
              "properties": {
                "primary": false
              }
            }
          ]
        },
        "diagnosticsProfile": {
          "bootDiagnostics": {
            "enabled": "true",
            "storageUri": "[concat(reference(resourceId(parameters('ZTAStorageAccountResourceGroupName'), 'Microsoft.Storage/storageAccounts/', parameters('ZTAStorageAccountName')), variables('apiVersion')).primaryEndpoints.blob)]"
          }
        }
      }
    },
    {
        "type": "Microsoft.Network/networkSecurityGroups",
        "name": "[variables('nsgExt')]",
        "apiVersion": "2019-09-01",
        "location": "[resourceGroup().location]",
        "properties": {
            "securityRules": [
                    {
                        "name": "allowHTTPS",
                        "properties": {
                            "protocol": "*",
                            "sourcePortRange": "*",
                            "destinationPortRange": "443",
                            "sourceAddressPrefix": "*",
                            "destinationAddressPrefix": "*",
                            "access": "Allow",
                            "priority": 200,
                            "direction": "Inbound"
                        }
                    },
                    {
                        "name": "denyAll",
                        "properties": {
                            "protocol": "*",
                            "sourcePortRange": "*",
                            "destinationPortRange": "*",
                            "sourceAddressPrefix": "*",
                            "destinationAddressPrefix": "*",
                            "access": "Deny",
                            "priority": 4000,
                            "direction": "Inbound"
                        }
                    },
                    {
                        "name": "denyInternalSubnet",
                        "properties": {
                            "protocol": "*",
                            "sourcePortRange": "*",
                            "destinationPortRange": "*",
                            "sourceAddressPrefix": "*",
                            "destinationAddressPrefix": "[parameters('InternalSubnet')]",
                            "access": "Deny",
                            "priority": 100,
                            "direction": "Outbound"
                        }
                    },
                    {
                        "name": "denyManagementSubnet",
                        "properties": {
                            "protocol": "*",
                            "sourcePortRange": "*",
                            "destinationPortRange": "*",
                            "sourceAddressPrefix": "*",
                            "destinationAddressPrefix": "[parameters('ManagementSubnet')]",
                            "access": "Deny",
                            "priority": 200,
                            "direction": "Outbound"
                        }
                    }
                ]
            }
        },
    {
        "type": "Microsoft.Network/networkSecurityGroups",
        "name": "[variables('nsgMgmt')]",
        "apiVersion": "2019-09-01",
        "location": "[resourceGroup().location]",
        "properties": {
            "securityRules": [
                    {
                        "name": "allowCustomSSH",
                        "properties": {
                            "protocol": "*",
                            "sourcePortRange": "*",
                            "destinationPortRange": "6667",
                            "sourceAddressPrefix": "*",
                            "destinationAddressPrefix": "*",
                            "access": "Allow",
                            "priority": 300,
                            "direction": "Inbound"
                        }
                    },
                    {
                        "name": "denyInternalSubnet",
                        "properties": {
                            "protocol": "*",
                            "sourcePortRange": "*",
                            "destinationPortRange": "*",
                            "sourceAddressPrefix": "*",
                            "destinationAddressPrefix": "[parameters('InternalSubnet')]",
                            "access": "Deny",
                            "priority": 100,
                            "direction": "Outbound"
                        }
                    },
                    {
                        "name": "denyExternalSubnet",
                        "properties": {
                            "protocol": "*",
                            "sourcePortRange": "*",
                            "destinationPortRange": "*",
                            "sourceAddressPrefix": "*",
                            "destinationAddressPrefix": "[parameters('ExternalSubnet')]",
                            "access": "Deny",
                            "priority": 200,
                            "direction": "Outbound"
                        }
                    }
                    
                ]
            }
        },
{
    "type": "Microsoft.Network/networkSecurityGroups",
    "name": "[variables('nsgInt')]",
    "apiVersion": "2019-09-01",
    "location": "[resourceGroup().location]",
    "properties": {
        "securityRules": [
                    {
                        "name": "denyExternalSubnet",
                        "properties": {
                            "protocol": "*",
                            "sourcePortRange": "*",
                            "destinationPortRange": "*",
                            "sourceAddressPrefix": "[parameters('ExternalSubnet')]",
                            "destinationAddressPrefix": "*",
                            "access": "Deny",
                            "priority": 100,
                            "direction": "Inbound"
                        }
                    },
                    {
                        "name": "allow-custom-ssh",
                        "properties": {
                            "protocol": "*",
                            "sourcePortRange": "*",
                            "destinationPortRange": "6667",
                            "sourceAddressPrefix": "*",
                            "destinationAddressPrefix": "*",
                            "access": "Allow",
                            "priority": 200,
                            "direction": "Inbound"
                        }
                    }
                ]
            }
        },

    {
      "condition": "[equals(parameters('NeedLoadBalancer'), 'yes')]",
      "type": "Microsoft.Network/loadBalancers",
      "apiVersion": "2020-04-01",
      "name": "[variables('ZTALbName')]",
      "location": "[resourceGroup().location]",
      "sku": {
        "name": "Standard"
      },
      "dependsOn": [
        "[resourceId('Microsoft.Network/publicIPAddresses', variables('ZTALbIP'))]"
      ],
      "properties": {
        "frontendIPConfigurations": [
          {
            "name": "LoadBalancerFrontEnd",
            "properties": {
              "privateIPAllocationMethod": "Dynamic",
              "publicIPAddress": {
                "id": "[resourceId('Microsoft.Network/publicIPAddresses', variables('ZTALbIP'))]"
              },
              "privateIPAddressVersion": "IPv4"
            }
          }
        ],
        "backendAddressPools": [
          {
            "name": "ZTALbPool",
            "properties": {}
          }
        ],
        "loadBalancingRules": [
          {
            "name": "ZTALbRule",
            "properties": {
              "frontendIPConfiguration": {
                "id": "[concat(resourceId('Microsoft.Network/loadBalancers', variables('ZTALbName')), '/frontendIPConfigurations/LoadBalancerFrontEnd')]"
              },
              "frontendPort": 443,
              "backendPort": 443,
              "enableFloatingIP": false,
              "idleTimeoutInMinutes": 4,
              "protocol": "Tcp",
              "enableTcpReset": false,
              "loadDistribution": "SourceIP",
              "backendAddressPool": {
                "id": "[resourceId('Microsoft.Network/loadBalancers/backendAddressPools', variables('ZTALbName'), 'ZTALbPool')]"
              },
              "probe": {
                "id": "[concat(resourceId('Microsoft.Network/loadBalancers', variables('ZTALbName')), '/probes/HealthCheck')]"
              }
            }
          }
        ],
        "probes": [
          {
            "name": "HealthCheck",
            "properties": {
              "protocol": "Tcp",
              "port": 443,
              "intervalInSeconds": 5,
              "numberOfProbes": 2
            }
          }
        ],
        "inboundNatRules": [],
        "inboundNatPools": []
      }
    }

  ]
}
