{
  "$schema": "https://schema.management.azure.com/schemas/2015-01-01/deploymentTemplate.json#",
  "contentVersion": "1.0.0.0",
  "parameters": {
    "location": {
      "type": "string",
      "defaultValue": "[resourceGroup().location]",
      "metadata": {
        "description": "The Azure region where all resources will be deployed."
      }
    },
    "prefix": {
      "type": "string",
      "defaultValue": "[resourceGroup().name]",
      "metadata": {
        "description": "Prefix for resource names."
      }
    }
  },
  "variables": {
    "prefix": "[take(parameters('prefix'),50)]",
    "externalIPName": "[concat(variables('prefix'),'-ext')]",
    "externalIPId": "[resourceId('Microsoft.Network/publicIPAddresses',variables('externalIPName'))]"
  },
  "resources": [
    {
      "type": "Microsoft.Network/publicIPAddresses",
      "apiVersion": "2019-11-01",
      "name": "[variables('externalIPName')]",
      "location": "[parameters('location')]",
      "sku": {
        "name": "Basic"
      },
      "properties": {
        "publicIPAddressVersion": "IPv4",
        "publicIPAllocationMethod": "Static"
      }
    }
  ],
  "outputs": {
    "externalIP": {
      "value": "[reference(variables('externalIPId')).ipAddress]",
      "type": "string"
    },
    "externalIPName": {
      "value": "[variables('externalIPName')]",
      "type": "string"
    },
    
    "resourceGroupName": {
      "value": "[resourceGroup().name]",
      "type": "string"
    }
  }
}
