{
  "$schema": "https://schema.management.azure.com/schemas/2015-01-01/deploymentTemplate.json#",
  "contentVersion": "1.0.0.0",
  "parameters": {
    "location": {
      "type": "string",
      "defaultValue": "[resourceGroup().location]",
      "metadata": {
        "description": "The Azure region where all resources will be deployed."
      }
    },
    "prefix": {
      "type": "string",
      "defaultValue": "[resourceGroup().name]",
      "metadata": {
        "description": "Prefix for resource names."
      }
    },
    "PCSStorageAccountName": {
      "type": "string",
      "defaultValue": "adee2esaccount",
      "metadata": {
        "description": "Storage account name where PCS image is uploaded"
      }
    },
    "PCSStorageAccountResourceGroupName": {
      "type": "string",
      "defaultValue": "ade-yak-gw-resource-group",
      "metadata": {
        "description": "Resource group of the existing storage account where PCS image is uploaded"
      }
    },
    "PCSImageLocationURI": {
      "type": "string",
      "defaultValue": "https://adee2esaccount.blob.core.windows.net/master/PSA-V-HYPERV-PCS-5142.1-SERIAL-hyperv.vhd",
      "metadata": {
        "description": "URL of PCS vhd image"
      }
    },
    "AzureGWName": {
      "type": "string",
      "metadata": {
        "description": "Azure GW Name"
      }
    },
    "GWConfig": {
      "type": "string",
      "metadata": {
        "description": "Enter GW config."
      }
    },
    "SSHPublicKey": {
      "type": "string",
      "metadata": {
        "description": "Provide an RSA public key. This key is used to access PCS via SSH. You can generate SSH keys using ssh-keygen on Linux and OS X, or PuTTyGen on Windows. SSH Public key should be in base64 encoded format"
      }
    },
    "ipResourceGroup": {
      "type": "string",
      "defaultValue": "[resourceGroup().name]",
      "metadata": {
        "description": "Resource group for IPs"
      }
    },
    "externalIPName": {
      "type": "string",
      "defaultValue": "[concat(resourceGroup().name,'-ext')]",
      "metadata": {
        "description": "Name of external IP"
      }
    },
    "internalIPName": {
      "type": "string",
      "defaultValue": "[concat(resourceGroup().name,'-int')]",
      "metadata": {
        "description": "Name of internal IP"
      }
    }
  },
  "variables": {
    "prefix": "[take(parameters('prefix'),50)]",
    "vnetName": "[concat(variables('prefix'),'-vnet')]",
    "externalSubnetName": "[concat(variables('prefix'),'-extnet')]",
    "internalSubnetName": "[concat(variables('prefix'),'-intnet')]",
    "managementSubnetName": "[concat(variables('prefix'),'-mgmtnet')]",
    "applicationSubnetName": "[concat(variables('prefix'),'-appnet')]",
    "externalIPId": "[resourceId(parameters('ipResourceGroup'),'Microsoft.Network/publicIPAddresses',parameters('externalIPName'))]",
    "internalIPId": "[resourceId(parameters('ipResourceGroup'),'Microsoft.Network/publicIPAddresses',parameters('internalIPName'))]",
    "managementIPName": "[concat(variables('prefix'),'-mgmt')]",
    "managementIPId": "[resourceId('Microsoft.Network/publicIPAddresses',variables('managementIPName'))]",
    "nsgInt": "[concat(variables('prefix'),'-nsg-int')]",
    "nsgExt": "[concat(variables('prefix'),'-nsg-ext')]",
    "nsgMgmt": "[concat(variables('prefix'),'-nsg-mgmt')]",
    "cleanprefix": "[toLower(take(replace(replace(variables('prefix'),'-',''),'_',''),20))]",
    "diagnosticsStorageAccountName": "[concat(variables('cleanprefix'),'diag')]",
    "diagnosticsStorageAccountId": "[resourceId('Microsoft.Storage/storageAccounts',variables('diagnosticsStorageAccountName'))]",
    "routeTableName": "[concat(variables('prefix'),'-backendRoute')]",
    "pcsIntNic": "[concat(variables('prefix'),'-internalNIC')]",
    "pcsExtNic": "[concat(variables('prefix'),'-externalNIC')]",
    "pcsMgmtNic": "[concat(variables('prefix'),'-mangementNIC')]",
    "vmSize": "Standard_B2ms",
    "vnetID": "[resourceId('Microsoft.Network/virtualNetworks',variables('vnetName'))]",
    "subnetRefInt": "[concat(variables('vnetID'),'/subnets/',variables('internalSubnetName'))]",
    "subnetRefExt": "[concat(variables('vnetID'),'/subnets/',variables('externalSubnetName'))]",
    "subnetRefMgmt": "[concat(variables('vnetID'),'/subnets/',variables('managementSubnetName'))]",
    "subnetRefTunnel": "[concat(variables('vnetID'),'/subnets/',variables('applicationSubnetName'))]",
    "apiVersion": "2015-06-15"
  },
  "resources": [
    {
      "type": "Microsoft.Network/publicIPAddresses",
      "apiVersion": "2019-11-01",
      "name": "[variables('managementIPName')]",
      "location": "[parameters('location')]",
      "sku": {
        "name": "Basic"
      },
      "properties": {
        "publicIPAddressVersion": "IPv4",
        "publicIPAllocationMethod": "Static"
      }
    },
    {
      "type": "Microsoft.Network/networkSecurityGroups",
      "name": "[variables('nsgExt')]",
      "apiVersion": "2019-11-01",
      "location": "[parameters('location')]",
      "properties": {
        "securityRules": [
          {
            "name": "allowHTTP",
            "properties": {
              "protocol": "*",
              "sourcePortRange": "*",
              "destinationPortRange": "80",
              "sourceAddressPrefix": "*",
              "destinationAddressPrefix": "*",
              "access": "Allow",
              "priority": 100,
              "direction": "Inbound"
            }
          },
          {
            "name": "allowHTTPS",
            "properties": {
              "protocol": "*",
              "sourcePortRange": "*",
              "destinationPortRange": "443",
              "sourceAddressPrefix": "*",
              "destinationAddressPrefix": "*",
              "access": "Allow",
              "priority": 200,
              "direction": "Inbound"
            }
          },
          {
            "name": "allowPTP",
            "properties": {
              "protocol": "*",
              "sourcePortRange": "*",
              "destinationPortRange": "11000-11099",
              "sourceAddressPrefix": "*",
              "destinationAddressPrefix": "*",
              "access": "Allow",
              "priority": 300,
              "direction": "Inbound"
            }
          },
          {
            "name": "allowESP",
            "properties": {
              "protocol": "*",
              "sourcePortRange": "*",
              "destinationPortRange": "4500",
              "sourceAddressPrefix": "*",
              "destinationAddressPrefix": "*",
              "access": "Allow",
              "priority": 400,
              "direction": "Inbound"
            }
          },
          {
            "name": "allowIKEv2",
            "properties": {
              "protocol": "*",
              "sourcePortRange": "*",
              "destinationPortRange": "500",
              "sourceAddressPrefix": "*",
              "destinationAddressPrefix": "*",
              "access": "Allow",
              "priority": 500,
              "direction": "Inbound"
            }
          },
          {
            "name": "denyAll",
            "properties": {
              "protocol": "*",
              "sourcePortRange": "*",
              "destinationPortRange": "*",
              "sourceAddressPrefix": "*",
              "destinationAddressPrefix": "*",
              "access": "Deny",
              "priority": 4000,
              "direction": "Inbound"
            }
          },
          {
            "name": "denyInternalSubnet",
            "properties": {
              "protocol": "*",
              "sourcePortRange": "*",
              "destinationPortRange": "*",
              "sourceAddressPrefix": "*",
              "destinationAddressPrefix": "[reference(variables('subnetRefInt'), providers('Microsoft.Network', 'virtualNetworks').apiVersions[0]).addressPrefix]",
              "access": "Deny",
              "priority": 100,
              "direction": "Outbound"
            }
          },
          {
            "name": "denyManagementSubnet",
            "properties": {
              "protocol": "*",
              "sourcePortRange": "*",
              "destinationPortRange": "*",
              "sourceAddressPrefix": "*",
              "destinationAddressPrefix": "[reference(variables('subnetRefMgmt'), providers('Microsoft.Network', 'virtualNetworks').apiVersions[0]).addressPrefix]",
              "access": "Deny",
              "priority": 200,
              "direction": "Outbound"
            }
          },
          {
            "name": "denyPoolRange",
            "properties": {
              "protocol": "*",
              "sourcePortRange": "*",
              "destinationPortRange": "*",
              "sourceAddressPrefix": "*",
              "destinationAddressPrefix": "[reference(variables('subnetRefTunnel'), providers('Microsoft.Network', 'virtualNetworks').apiVersions[0]).addressPrefix]",
              "access": "Deny",
              "priority": 300,
              "direction": "Outbound"
            }
          }
        ]
      }
    },
    {
      "type": "Microsoft.Network/networkSecurityGroups",
      "name": "[variables('nsgMgmt')]",
      "apiVersion": "2019-02-01",
      "location": "[parameters('location')]",
      "properties": {
        "securityRules": [
          {
            "name": "allowHTTPS",
            "properties": {
              "protocol": "*",
              "sourcePortRange": "*",
              "destinationPortRange": "443",
              "sourceAddressPrefix": "*",
              "destinationAddressPrefix": "*",
              "access": "Allow",
              "priority": 100,
              "direction": "Inbound"
            }
          },
          {
            "name": "allowHTTP",
            "properties": {
              "protocol": "*",
              "sourcePortRange": "*",
              "destinationPortRange": "80",
              "sourceAddressPrefix": "*",
              "destinationAddressPrefix": "*",
              "access": "Allow",
              "priority": 200,
              "direction": "Inbound"
            }
          },
          {
            "name": "allowCustomSSH",
            "properties": {
              "protocol": "*",
              "sourcePortRange": "*",
              "destinationPortRange": "6667",
              "sourceAddressPrefix": "*",
              "destinationAddressPrefix": "*",
              "access": "Allow",
              "priority": 300,
              "direction": "Inbound"
            }
          },
          {
            "name": "allowDMI",
            "properties": {
              "protocol": "*",
              "sourcePortRange": "*",
              "destinationPortRange": "830",
              "sourceAddressPrefix": "*",
              "destinationAddressPrefix": "*",
              "access": "Allow",
              "priority": 400,
              "direction": "Inbound"
            }
          },
          {
            "name": "denyAll",
            "properties": {
              "protocol": "*",
              "sourcePortRange": "*",
              "destinationPortRange": "*",
              "sourceAddressPrefix": "*",
              "destinationAddressPrefix": "*",
              "access": "Deny",
              "priority": 4000,
              "direction": "Inbound"
            }
          },
          {
            "name": "denyInternalSubnet",
            "properties": {
              "protocol": "*",
              "sourcePortRange": "*",
              "destinationPortRange": "*",
              "sourceAddressPrefix": "*",
              "destinationAddressPrefix": "[reference(variables('subnetRefInt'), providers('Microsoft.Network', 'virtualNetworks').apiVersions[0]).addressPrefix]",
              "access": "Deny",
              "priority": 100,
              "direction": "Outbound"
            }
          },
          {
            "name": "denyExternalSubnet",
            "properties": {
              "protocol": "*",
              "sourcePortRange": "*",
              "destinationPortRange": "*",
              "sourceAddressPrefix": "*",
              "destinationAddressPrefix": "[reference(variables('subnetRefExt'), providers('Microsoft.Network', 'virtualNetworks').apiVersions[0]).addressPrefix]",
              "access": "Deny",
              "priority": 200,
              "direction": "Outbound"
            }
          }
        ]
      }
    },
    {
      "type": "Microsoft.Network/networkSecurityGroups",
      "name": "[variables('nsgInt')]",
      "apiVersion": "2019-02-01",
      "location": "[parameters('location')]",
      "properties": {
        "securityRules": [
          {
            "name": "denyExternalSubnet",
            "properties": {
              "protocol": "*",
              "sourcePortRange": "*",
              "destinationPortRange": "*",
              "sourceAddressPrefix": "[reference(variables('subnetRefExt'), providers('Microsoft.Network', 'virtualNetworks').apiVersions[0]).addressPrefix]",
              "destinationAddressPrefix": "*",
              "access": "Deny",
              "priority": 100,
              "direction": "Inbound"
            }
          },
          {
            "name": "allow-custom-ssh",
            "properties": {
              "protocol": "*",
              "sourcePortRange": "*",
              "destinationPortRange": "6667",
              "sourceAddressPrefix": "*",
              "destinationAddressPrefix": "*",
              "access": "Allow",
              "priority": 200,
              "direction": "Inbound"
            }
          }
        ]
      }
    },
    {
      "apiVersion": "2019-02-01",
      "type": "Microsoft.Network/routeTables",
      "name": "[variables('routeTableName')]",
      "location": "[parameters('location')]",
      "dependsOn": [
        "[resourceId('Microsoft.Network/networkInterfaces/', variables('pcsIntNic'))]"
      ],
      "properties": {
        "routes": [
          {
            "name": "BackEndToPCS",
            "properties": {
              "addressPrefix": "[reference(variables('subnetRefTunnel'), providers('Microsoft.Network', 'virtualNetworks').apiVersions[0]).addressPrefix]",
              "nextHopType": "VirtualAppliance",
              "nextHopIpAddress": "[reference(variables('pcsIntNic')).ipConfigurations[0].properties.privateIPAddress]"
            }
          }
        ]
      }
    },
    {
      "apiVersion": "2019-11-01",
      "type": "Microsoft.Network/networkInterfaces",
      "name": "[variables('pcsExtNic')]",
      "location": "[parameters('location')]",
      "dependsOn": [
        "[resourceId('Microsoft.Network/networkSecurityGroups', variables('nsgExt'))]"
      ],
      "properties": {
        "enableIPForwarding": true,
        "networkSecurityGroup": {
          "id": "[resourceId('Microsoft.Network/networkSecurityGroups', variables('nsgExt'))]"
        },
        "ipConfigurations": [
          {
            "name": "ipconfig1",
            "properties": {
              "privateIPAllocationMethod": "Dynamic",
              "privateIPAddressVersion": "IPv4",
              "publicIPAddress": {
                "id": "[variables('externalIPId')]"
              },
              "subnet": {
                "id": "[variables('subnetRefExt')]"
              }
            }
          }
        ]
      }
    },
    {
      "apiVersion": "2019-11-01",
      "type": "Microsoft.Network/networkInterfaces",
      "name": "[variables('pcsMgmtNic')]",
      "location": "[parameters('location')]",
      "dependsOn": [
        "[variables('managementIPId')]",
        "[resourceId('Microsoft.Network/networkSecurityGroups', variables('nsgMgmt'))]"
      ],
      "properties": {
        "enableIPForwarding": true,
        "networkSecurityGroup": {
          "id": "[resourceId('Microsoft.Network/networkSecurityGroups', variables('nsgMgmt'))]"
        },
        "ipConfigurations": [
          {
            "name": "ipconfig2",
            "properties": {
              "privateIPAllocationMethod": "Dynamic",
              "privateIPAddressVersion": "IPv4",
              "publicIPAddress": {
                "id": "[variables('managementIPId')]"
              },
              "subnet": {
                "id": "[variables('subnetRefMgmt')]"
              }
            }
          }
        ]
      }
    },
    {
      "apiVersion": "2019-11-01",
      "type": "Microsoft.Network/networkInterfaces",
      "name": "[variables('pcsIntNic')]",
      "location": "[parameters('location')]",
      "dependsOn": [
        "[resourceId('Microsoft.Network/networkSecurityGroups', variables('nsgInt'))]"
      ],
      "properties": {
        "enableIPForwarding": true,
        "networkSecurityGroup": {
          "id": "[resourceId('Microsoft.Network/networkSecurityGroups', variables('nsgInt'))]"
        },
        "ipConfigurations": [
          {
            "name": "ipconfig3",
            "properties": {
              "privateIPAllocationMethod": "Dynamic",
              "privateIPAddressVersion": "IPv4",
              "publicIPAddress": {
                "id": "[variables('internalIPId')]"
              },
              "subnet": {
                "id": "[variables('subnetRefInt')]"
              }
            }
          }
        ]
      }
    },
    {
      "name": "[variables('diagnosticsStorageAccountName')]",
      "type": "Microsoft.Storage/storageAccounts",
      "apiVersion": "2019-06-01",
      "location": "[parameters('location')]",
      "properties": {},
      "kind": "Storage",
      "sku": {
        "name": "Standard_LRS"
      }
    },
    {
      "apiVersion": "2019-07-01",
      "type": "Microsoft.Compute/virtualMachines",
      "name": "[parameters('AzureGWName')]",
      "location": "[parameters('location')]",
      "dependsOn": [
        "[resourceId('Microsoft.Network/networkInterfaces/', variables('pcsIntNic'))]",
        "[resourceId('Microsoft.Network/networkInterfaces/', variables('pcsExtNic'))]",
        "[resourceId('Microsoft.Network/networkInterfaces/', variables('pcsMgmtNic'))]",
        "[variables('diagnosticsStorageAccountId')]"
      ],
      "properties": {
        "hardwareProfile": {
          "vmSize": "[variables('vmSize')]"
        },
        "osProfile": {
          "computerName": "[parameters('AzureGWName')]",
          "adminUsername": "dummyuser",
          "customData": "[base64(parameters('GWConfig'))]",
          "linuxConfiguration": {
            "disablePasswordAuthentication": "true",
            "ssh": {
              "publicKeys": [
                {
                  "path": "[concat('/home/', 'dummyuser', '/.ssh/authorized_keys')]",
                  "keyData": "[parameters('SSHPublicKey')]"
                }
              ]
            }
          }
        },
        "storageProfile": {
          "osDisk": {
            "name": "osdisk",
            "osType": "Linux",
            "caching": "ReadWrite",
            "createOption": "FromImage",
            "image": {
              "uri": "[parameters('PCSImageLocationURI')]"
            },
            "vhd": {
              "uri": "[concat(reference(resourceId(parameters('PCSStorageAccountResourceGroupName'), 'Microsoft.Storage/storageAccounts/', parameters('PCSStorageAccountName')), variables('apiVersion')).primaryEndpoints.blob, 'vhds/',parameters('AzureGWName'), uniquestring(resourceGroup().id), 'pcsOSDisk.vhd')]"
            }
          }
        },
        "networkProfile": {
          "networkInterfaces": [
            {
              "id": "[resourceId('Microsoft.Network/networkInterfaces',variables('pcsIntNic'))]",
              "properties": {
                "primary": true
              }
            },
            {
              "id": "[resourceId('Microsoft.Network/networkInterfaces',variables('pcsExtNic'))]",
              "properties": {
                "primary": false
              }
            },
            {
              "id": "[resourceId('Microsoft.Network/networkInterfaces',variables('pcsMgmtNic'))]",
              "properties": {
                "primary": false
              }
            }
          ]
        },
        "diagnosticsProfile": {
          "bootDiagnostics": {
            "enabled": true,
            "storageUri": "[concat('https://', variables('diagnosticsStorageAccountName'), '.blob.core.windows.net/')]"
          }
        }
      }
    },
    {
      "type": "Microsoft.Network/virtualNetworks",
      "apiVersion": "2019-11-01",
      "name": "[variables('vnetName')]",
      "location": "[parameters('location')]",
      "properties": {
        "addressSpace": {
          "addressPrefixes": [
            "10.128.0.0/16"
          ]
        },
        "subnets": [
          {
            "name": "[variables('externalSubnetName')]",
            "properties": {
              "addressPrefix": "10.128.0.0/24"
            }
          },
          {
            "name": "[variables('internalSubnetName')]",
            "properties": {
              "addressPrefix": "10.128.1.0/24"
            }
          },
          {
            "name": "[variables('managementSubnetName')]",
            "properties": {
              "addressPrefix": "10.128.2.0/24"
            }
          },
          {
            "name": "[variables('applicationSubnetName')]",
            "properties": {
              "addressPrefix": "10.128.3.0/24"
            }
          }
        ]
      }
    }
  ],
  "outputs": {}
}
